,model_out_raw,history,text,restored_text
0,"Я из Твери, а ты откуда?","['Привет.', 'Привет. Откуда ты?']","Я из Твери, а ты?","Я из Твери, а ты откуда?"
1,"Да, я учусь в Питерском политехе. Жаль, что мы не вместе учимся, было бы забавно познакомиться лично. Ого, а кто у тебя живёт из животных? В любом случае, приятно было пообщаться! Мне надо идти - друзья уже в гости пришли.","['Привет.', 'Привет! Сколько тебе лет? Ты где-то учишься? Или уже работаешь?', 'Мне 20 лет, учусь в техникуме сейчас, а как насчёт тебя?', 'Здорово как учиться. Я тоже студент, ученье - свет! Не оправдали? А я учусь в политехе, правда, пока представления даже не имею, что это.', 'Как проводишь своё свободное время? Есть хобби? Я вот танцами увлекаюсь, хотя мои знакомые говорят, что это слишком странно для парня моего возраста. Но вот ничего не могу поделать, нравится мне и всё.', 'Если нравится, то нужно заниматься всем, что нравится, и никого не слушай. Всё моё свободное время я уделяю игре на гитаре, мы любим собираться с друзьями, а у меня много друзей, и заводим песнопения под моего любимого исполнителя, под гитару, а больше всего я люблю песни Высоцкого. А как ты относишься к музыке, есть любимые исполнители?', 'Вау, политех? Это Питерский политех, в который я тоже думал поступать, но как-то не срослось. Зато мне не пришлось отказываться от своей привычной жизни. У меня дома целый зоопарк, не знаю, как бы животные тут без меня жили. Ещё хуже могу представить, как я без своего зоопарка жил бы.']","Да, именно Питерский. Жаль, что не в месте учимся, забавно было бы тут познакомиться. Ого, а кто у тебя живёт из представителей фауны? В любом случае приятно было познакомиться! Мне пора! Друзья уже в гости пришли.","Да, именно Питерский политех. Жаль, что не вместе учимся, забавно было бы тут познакомиться. Ого, а кто у тебя живёт из представителей фауны? В любом случае приятно было познакомиться! Мне пора! Друзья уже в гости пришли."
2,"Моя семья — это мои любимые папа с мамой, а мои дети — это мои песики. Пока не встретила достойного мужчины, и больше никого мне не надо. А у тебя как с семьей?","['Приветики! Как дела?', 'Привет! Всё хорошо, а у тебя? Расскажи что-нибудь про себя, чем увлекаешься, например?', 'Да вот пришла с прогулки со своими бобиками, села почитать новости и расстроилась. Представляешь, умер Keith Flint.', 'Это да умер, целая эпоха с ним ушла. Тебе нравилась музыка Keith Flint, значит?', 'Увлекаюсь музыкой, да ничем особенным, просто стараюсь следить за своим здоровьем - в основном правильное питание, не ем мясо, ну и люблю гулять на свежем воздухе. Да, это же молодость) В своё время было круто!', 'Семья у тебя есть, дети?']","Мои дети - мои песики. Пока не нашла достойного мужчины. А семья - мои любимые папа с мамой, и больше пока никого не надо. А у тебя?","Мои дети - мои песики. Пока не нашла достойного мужчины. А семья - мои любимые папа с мамой, и больше пока никого не надо. А у тебя есть семья?"
3,Где ты живёшь – в городе или за городом? И какие фрукты ты любишь?,"['Привет.', 'Привет.', 'Расскажи о себе.', 'Я собираюсь летом отдыхать в необычном месте. А какие у тебя планы на лето? Хочешь взобраться на Эверест?', 'Это круто, что ты собираешься летом отдыхать в необычном месте! Не знаю насчет планов на лето, я просто люблю лето, это моя самая любимая пора. Нет, не хочу в Эверест, я никогда не была в горах и не хочу. А ты хочешь взобраться на Эверест?', 'А мы с девушкой планируем взобраться на Эверест. И хотим взять кота.', 'У тебя есть домашние животные?', 'Я еще не был на Эвересте, но обязательно покорю Эверест. У меня есть кот, а у тебя есть домашние животные? Тебе нравятся мотоциклы?', 'Тоже кот есть. Да, мне нравятся мотоциклы, но не так сильно. Я люблю на них смотреть больше, а тебе нравятся мотоциклы? Любишь фрукты?', 'У меня есть байк: моя девушка не любит, когда я на нём катаюсь. Люблю фрукты, а ты их любишь?', 'Фрукты обожаю.', 'А какие именно фрукты ты любишь? Я люблю не все фрукты.']",Где живёшь? В городе где-то? Какие любишь?,Где живёшь? В городе где-то? Какие фрукты любишь?
4,"Да, это самое главное. А с кем ты обычно работаешь?","['Здравствуй. Как тебе погодка?', 'Привет, я думаю, погодка нынче супер.', 'Мне тоже очень нравится погодка. Жду не дождусь, когда взойдут первые подснежники. Тогда можно будет взять кисточки и краски и немножко порисовать. А как ты проводишь свободное время?', 'Я люблю ходить в театр, люблю гулять по лесу, жду весну, не дождусь.', 'Что ж, до весны осталась пара денечков. А там и потепление. Можно будет взять ноутбук на улицу и поработать подсолнышком. Главное, чтобы связь была.']","Да, это самое главное, с кем ты работаешь?","Да, это самое главное что весна придет через пару дней, с кем ты работаешь?"
5,Иногда беру её с собой в путешествия. А у тебя кто?,"['Привет, ты откуда? Я фотограф. Люблю путешествия. Играю на гитаре. Почему ты молчишь?', 'Привет.', 'Чем ты занимаешься?', 'Ребёнок плакал, на него отвлеклась.', 'Аа, извини.', 'Когда шуршишь по хозяйству, ничего не успеваешь.', 'Да, ничего не успеваешь с хозяйством, у меня тоже дочка.', 'А вообще, я увлечена дизайном, но времени не остаётся. Взрослая дочь у тебя?', 'Нет, моя дочка маленькая, 4 года ей.', 'Путешествовать не мешает?']","Иногда беру ее с собой,  у тебя кто?","Иногда беру дочь с собой в путешествие, а у тебя кто из детей?"
6,Я всегда за новые знакомства.,"['Добрый вечер, вы не против новых знакомств?']",Я всегда за.,Я всегда за знакомства.
7,Я певица. А вы чем занимаетесь?,"['Привет.', 'Привет, Алла.', 'Чем вы занимаетесь?']",Певица. А вы?,Я певица. А вы чем занимаетесь?
8,"Я играю в футбол, чтобы не испортились зрение и осанка из-за долгого сидения за компьютером. А ещё катаюсь на велосипеде — правда, не знаю, можно ли это считать спортом. Просто я студент, и велосипед для меня ещё и бюджетный способ передвигаться.","['Привет.', 'О, привет! Рад новому знакомству! Ты откуда?', 'Я из Ярославля, но сейчас в Москве учусь на специальности программиста, приходится много за компьютером и в интернете работать.', 'Круто, ты из Ярославля. А я из Москвы. Живу здесь, потому что я музыкант.', 'На чём играешь?', 'Играю на гитаре, поэтому меня все любят и я чертовски привлекателен.', 'Ого, да ты крутой! А ты занимаешься спортом? Чтобы поддерживать форму?', 'Не, спортом не занимаюсь, я только каждый день хожу гулять в парк, на том мой спорт закончился. А у тебя какие отношения со спортом?']","Чтобы не испортить зрение и осанку за компьютером, я играю в футбол. Но катание на велосипеде можно назвать спортом? Просто я студент, и у меня мало денег, поэтому я езжу на нём.","Чтобы не испортить зрение и осанку за компьютером, я играю в футбол. Но катание на велосипеде можно назвать спортом? Просто я студент, и у меня мало денег, поэтому я езжу на велосипеде."
9,"Да, и учусь, и работаю.","['Привет.', 'Привет. Как дела?', 'Отлично у меня дела! А у тебя как дела?', 'Да неплохо мои дела. Устал только с утра пары в универе. Чем занимаешься?', 'Занимаюсь йогой. А у тебя какие увлечения? Я люблю играть на пианино.', 'У меня девушка тоже любит эту йогу, а я не понимаю, что интересного.', 'Какую музыку любишь? Я классику люблю слушать.', 'Я люблю пешком прогуливаться. После работы два часа иду домой. Работаю водителем, поэтому хочется пройтись. А я пока предпочитаю. Ты работаешь или учишься?', 'Т.е. ты работаешь и учишься?']","Да, и учусь, и работаю.","Да, я и учусь, и работаю."
10,"""Ух ты! Ты крутая, Маша! А что ещё любишь делать?""","['Привет!', 'Привет. Как тебя зовут?', 'Меня зовут Марк! А тебя?', 'Маша меня зовут, очень приятно, чем занимаешься?', 'Мне тоже очень приятно, Маша! Только проснулся, думаю, поработаю немного и начну медитировать. Ты чем занимаешься?', 'Рисую фон для фотосессии мелками, я работаю моделью в каталоге одежды.']",Ух ты! Ты крутая Маша! А что ещё любишь?,Ух ты! Ты крутая Маша - модель! А что ещё любишь?
11,"Давай знакомиться, меня зовут Настя! А тебя как зовут? Да, обожаю спорт — это моя жизнь. А ты спортсмен?","['Привет, ты откуда?', 'Привет! Как хорошо, что я тебя нашла. Я из Москвы белокаменной. А ты откуда?', 'Я тоже из Москвы. Ты любишь спорт?']","Давай знакомится, меня Настя зовут! А тебя? Да, обожаю! Спорт - это моя жизнь. А ты спортсмен?","Давай знакомится, меня Настя зовут! А тебя как зовут? Да, обожаю спорт! Спорт - это моя жизнь. А ты спортсмен?"
12,"Нет, у меня нет собаки, зато есть дельфин.","['Привет, я Петька деревенский паренёк. А ты кто?', 'Привет, Петька! У тебя есть собака?']","Не, у меня дельфин.","Не, у меня есть дельфин."
13,"Нет, я еще не посещал другие страны, к сожалению. А вы любите путешествовать?","['Здраствуйте!', 'Добрый день, Вы откуда?', 'Рад новому знакомству, я со столицы нашей большой страны - Москва.', 'Я тоже рада знакомству. Чем занимаетесь по жизни?', 'Я работаю волонтёром в самом большом питомнике для животных в стране. А вы кем?', 'Это здорово работать волонтеромв питомнике! А я пока в поиске работы.', 'Вы посещали другие страны?']","Зато, пока ничем не занят, есть много времени на чтение и утренние пробежки. Нет, к сожалению. Вы любите путешествовать?","Зато, пока ничем не занят, есть много времени на чтение и утренние пробежки. Нет, к сожалению, я не посещал другие страны. Вы любите путешествовать?"
14,"Я тоже регулярно занимаюсь спортом. Даже придерживаюсь правильного питания и отказался от сладкого. Путешествия - моя страсть, они меня очень увлекают. А тебе нравится путешествовать?","['Привет!', 'Привет. Что делаешь?', 'Играю в доту. А ты чем занимаешься?', 'Я с кошкай играю, очень люблю кошек.', 'Здорово играть с кошкой, а я больше всего люблю поспать. )))) А спортом ты занимаешься?', 'Да спортом занимаюсь, готовлю сейчас свою спортивную игру к путешествиям. Ты любишь путешествовать?']",Я тоже регулярно занимаюсь. Даже сижу на правильном питании и не ем сладкое. Мне очень нравятся путешествия. Тебя тоже они увлекают?,Я тоже регулярно занимаюсь спортом. Даже сижу на правильном питании и не ем сладкое. Мне очень нравятся путешествия. Тебя тоже они увлекают?
15,Поздравляю со свадьбой! Любите отдыхать? Спасибо!,"['Привет.', 'Привет. Как дела?', 'У Вас есть дети?', 'У меня есть дети.', 'Хорошо, я вышла замуж неделю назад.', 'Поздравляю со свадьбой.']",Любите отдыхать? Спасибо!,Любите отдыхать? Спасибо за поздравление!
16,"Привет, дела неплохо. А чем ты сейчас занимаешься?","['Привет.', 'Привет. Как дела?']",Неплохо. Чем занимаешься?,Дела неплохо. Чем занимаешься?
17,"О, а какие сказки вы любите читать детям? А я замужем, но пока нет ни детей, ни возможности их завести.","['Привет.', 'Привет. Чем занимаешься?', 'Работаю поваром.', 'Понятно, ты работаешь поваром, а я студентка. Что любишь делать в свободное время?', 'Какое ваше хобби? Обожаю рыбалкой заниматься в свободное время.', 'Увлекаюсь туризмом, сейчас пытаюсь накопить на поездку. Любишь читать?', 'Очень люблю читать, у меня трое детей любят сказки на ночь.']","О, а что именно любишь почитать? А я замужем, денег на детей пока что нету, так что их, соответственно, тоже нету.","О, а что именно любишь почитать? А я замужем, денег на детей пока что нету, так что детей, соответственно, у меня тоже нету."
18,"Супер, что ты работаешь шеф-поваром!","['Привет.', 'Привет! Как дела?', 'Дела отлично! Чем ты занимаешься?', 'Занимаюсь в данный момент времени или по жизни?', 'Чем занимаешься по жизни?', 'Работаю и путешествую, а ты работаешь?', 'Работаю. Кем ты работаешь?', 'Кем работаешь?', 'Работаю фрилансером. А ты кем работаешь?', 'Работаю шеф-поваром.']",Супер!,"Супер, ты работаешь шеф-поваром!"
19,"Погода у нас замечательная – самое то для катания на лыжах! Что касается индийской кухни – считаю её очень оригинальной, хотя познакомился с ней недавно – на свадьбе у родителей.","['Здравствуйте.', 'Привет. Как у вас погода?', 'Извините, ваша манера общения для меня неприемлема, ведь я инженер, и сейчас получаю второе высшее образование в академии. У нас на улице Ленина темно и холодно. А у вас как на улице?', 'Ой, простите за манеру общения. Просто я некоторое время жил в Индии, а в Индии это норма манеры общения.', 'Ничего, я готов смириться такой манерой общения. Любите индийскую кухню?']","А погода у нас замечательная. Самое то для того, чтобы покататься на лыжах. Считаю её очень оригинальной, хотя познакомился с ней недавно. На свадьбе у родителей.","А погода у нас замечательная. Погода у нас самое то для того, чтобы покататься на лыжах. Считаю индийскую кухню очень оригинальной, хотя познакомился с индийской кухней недавно. На свадьбе у родителей познакомился с индийской кухней."
20,Я тоже умею слушать собеседника и давать советы. Я из деревни под Москвой. А вы откуда? У вас есть домашнее животное?,"['Здравствуй.', 'Привет.', 'Как ваше настроение?', 'Настроение отличное, а у вас как настроение? Я так люблю общаться, мне это поднимает настроение.', 'Ещё нет обеда, а я уже утомился, составляю бух. учёт. Я тоже люблю общаться, особенно на рыбалке. Вы из какого города?']",И я умею слушать собеседника и давать советы. Я из деревни под Мск. А вы? У вас есть домашнее животное?,И я умею слушать собеседника и давать советы. Я из деревни под Мск. А вы из какого города? У вас есть домашнее животное?
21,"Мне 67. Можно на ""ты"". Думаю, на какой фильм сходить в кино.","['Привет.', 'Привет, меня зовут Оля. А тебя как зовут?', 'Меня зовут Вадим.', 'Чем занимаешься?', 'Сижу за компьютером, общаюсь, а ты чем занимаешься?', 'Смотрю, как сын играет с кошкой. Работаешь?', 'Сколько тебе лет? Нет, не работаю, уже на пенсии.', 'Мне 22 года, а тебе сколько лет? Извините, Вам, сколько лет.']","67. Можно на ты. Думаю, на какой фильм сходить в кино.","Мне 67. Можно на ты. Думаю, на какой фильм сходить в кино."
22,"Ну не терпеть же их выходки! Хоть у меня и есть собака в квартире, возможно, это тоже не нравится соседям, но я строго слежу за её поведением — не шумим и не бегаем по ночам.","['Привет.', 'Привет. Чем занимаешься?', 'Слушаю музыку и рисую. У меня много друзей, которые увлекаются искусством, чаще всего рисую им портреты. Ты чем занимаешься?', 'А я помогаю бездомным. Я сам вырос без родителей, а теперь занимаюсь волонтёрством.', 'Заниматься волонтерством это очень похвально! Я не занимаюсь подобной деятельностью, мне больше нравится сидеть дома, я люблю шить. Кстати, у меня это очень хорошо получается.', 'Ого, так ты по образованию швея или это твоё хобби? Я учитель, даже на работе занимаюсь волонтёрством.', 'Шитье это просто моё хобби и не более. Учителя, уважаемые люди, как я знаю, я не люблю громкую музыку, уже так накипело, эти соседи никак не могут успокоиться, ежедневные шумные пьянки.', 'А вы с соседями разговаривали? Если они не понимают, то нужны какие-то меры. Может, в полицию нужно позвонить?', 'Нет, я ещё не разговаривала с соседями и в полицию я тоже не звонила, уж очень боюсь, что соседи сделают со мной что-то, потому как соседи и так меня не любят, потому что я вегетарианка, а тут ещё настучу на соседей.']","Ну не терпеть же их выходки! У меня тоже есть собака в квартире, может, моим соседям это не нравится. Но я стараюсь следить за её поведением, чтоб не вела себя шумно и не бегала по ночам.","Ну не терпеть же выходки соседей! У меня тоже есть собака в квартире, может, моим соседям это не нравится. Но я стараюсь следить за её поведением, чтоб не вела себя шумно и не бегала по ночам."
23,"В каком институте вы учитесь? Рисунок, на мой взгляд, самое сложное в художественном образовании.","['Привет! Как дела? Как день проходит?', 'Привет. Как дела?', 'Как Вас зовут? Меня Юля. Мне 21 год. Всё отлично. Иду домой с пар.', 'У меня хорошо. Меня зовут Олеся, мне тоже 21 год. Чем увлекаетесь?', 'Люблю бегать по утрам. Ходить в кино. Есть мороженое. И очень люблю вышивать. Даже мечтаю открыть свою фабрику! А ты что любишь? Какие увлечения?', 'Фабрику мороженого или фабрику одежду с вышивкой ты мечтаешь открыть?', 'Фабрику по пошиву одежды мечтаю открыть. Я учусь на модельера. Я уже придумала кучу новой одежды с моей фирменной вышивкой. Уверена, что у меня всё получится с фабрикой! Я очень трудолюбивая.)', 'Я с детства катаюсь на лыжах, недавно ездила в Розу кататься на лыжах. Также очень люблю косметику.', 'Вот только с моей трудолюбивостью я превращаюсь в трудоголика. Совсем у меня нет времени на личную жизнь, а я хочу семью.', 'На каком курсе вы учитесь? Любите ли вы рисунок и живопись?', 'В этом году заканчиваю учебу. Живопись мне нравится. Часто хожу в галереи на выставки. Но рисовать у меня не получается. Точнее, рисовать то у меня получается, но как-то не очень хорошо.']","В каком институте вы учитесь?) Рисунок самое сложное, на мой взгляд, из всех предметов в худ. образовании.","В каком институте вы учитесь?) Рисунок это самое сложное, на мой взгляд, из всех предметов в худ. образовании."
24,"Еду к друзьям. А какая у тебя порода кота? Я вообще люблю животных, но больше собак.","['Привет, как дела?', 'Привет, дела хорошо. У тебя как дела?', 'Дела норм, сижу, пью чай, глажу кота. Тебя как звать? Ты тут? Ты где?', 'Извини, отошел. Меня зовут Женя. А тебя как зовут? Приятного аппетита! Любишь животных?', 'Меня зовут Алена, спасибо за пожелание, я уже поела. Люблю котов. Чем занимаешься?']",Еду к друзьям. А какая порода? Люблю животных. Но больше собак.,Еду к друзьям. А какая порода у твоего кота? Люблю животных. Но больше люблю собак.
25,"У вас интересная профессия, а я тоже временами рисую.","['Добрый день!', 'Привет! Кто ты? Чем занимаешься?', 'Вообще, я сантехник по призванию.', 'А я программист.', 'Но в свободное время пишу блоги.', 'А в жизни рисую комиксы.']","Интересная у вас профессия, и я рисую временами.","Интересная у вас профессия - программист, и я рисую временами."
26,"Ого, как много всего! А я пока не женат, только работа и собака спасают от одиночества. Ваша дочка уже взрослая?","['Здравствуйте.', 'Добрый день! Как вас зовут?', 'Меня зовут Максим, а вас как зовут?', 'А меня зовут Ярослав, чем занимаетесь в свободное время?', 'Ну я очень люблю звезды, астрологию, также цветы люблю, развожу цветы, забочусь о семье. У меня жена и дочка. Недавно собаку и кошку ещё купили. А вы чем занимаетесь в свободное время?']","Ого, как много всего, а я пока не женат, только работа и собака спасают от одиночества, дочка взрослая?","Ого, как много всего, а я пока не женат, только работа и собака спасают от одиночества, дочка взрослая у вас?"
27,"Люблю вязать спицами. В основном работаю, ведь я одна. А чем ты занимаешься?","['Привет.', 'Привет. Как дела?', 'Дела отлично. Как у тебя дела?', 'Дела хорошо, чем ты занимаешься в жизни?']","Люблю работать спицами. А так работаю, потому что одна. Ну а чем же ты занимаешься?","Люблю работать спицами. А так работаю, потому что я одна. Ну а чем же ты занимаешься?"
28,"Если не выбрасывают, значит, им нравится твоя еда. Или они просто голодные и едят, даже если не очень вкусно.","['Привет! Меня зовут Дима, а тебя как зовут?', 'Привет! А меня зовут Настя, очень приятно познакомиться.', 'Мне тоже приятно познакомиться, чем занимаешься?', 'Я пришла со школы, скоро сяду за уроки. Как никак я в выпускном классе, мне нужно готовиться к экзаменам. А ты чем занимаешься сегодня?', 'Всё правильно, тебе нужно готовиться к экзаменам. Ну я школу уже давно закончил, работаю продавцом. Но сегодня у меня выходной. У тебя есть какие-нибудь увлечения?', 'Выходные - это здорово! На выходных я люблю гулять с друзьями или сидеть дома с родителями и моей кошкой. У тебя есть увлечения, кроме работы продавцом?)', 'Классно, ты любишь сидеть дома с кошкой, у меня тоже есть кошка. Я очень люблю готовить, мои дочь и сын говорят, что у меня вроде неплохо получается готовить. Но я не уверен, неплохо ли у меня получается готовить.', 'Правда, погода сейчас совсем не для прогулок, поэтому жду весны и хорошей погоды. Ну твои дети едят твою еду или выбрасывают ее, пока ты не видишь?', 'Это точно! Поддерживаю насчёт погоды. Надеюсь, что дети мою еду не выбрасывают.']","Ну если не выбрасывают, значит, им нравится твоя еда. Ну или они просто слишком голодные, поэтому едят даже не очень вкусную еду.","Ну если дети твою еду не выбрасывают, значит, твоим детям нравится твоя еда. Ну или твои дети просто слишком голодные, поэтому они едят даже не очень вкусную еду."
29,У меня есть дочь! А у тебя есть дети?,"['Привет.', 'Привет, кем работаешь?', 'Курьером работаю, а ты кем работаешь?', 'Я активная домохозяйка. Чем увлекаешься?', 'Классно, ты активная домохозяйка. Я играю в шашки, пишу песни. Какого у тебя цвета глаза?', 'У меня глаза черного цвета. Мечтаю съездить в горы.', 'Мой друг в горах живёт, и я ему очень завидую. В горах очень классно. У тебя есть дети?']",Да дочь! А у тебя?,"Да, дети есть, дочь! А у тебя есть дети?"
30,"Дела отлично, день начался прекрасно – сразу же утром сделал добро людям. А у тебя как дела?","['Привет!', 'Привет. Как дела?']",Отлично. День начался прекрасно. Сделал добро людям сразу же утром. А у тебя?,Дела отлично. День начался прекрасно. Сделал добро людям сразу же утром. А у тебя как дела?
31,"Ого, крыса – необычный питомец! А я сейчас мечтаю построить дом, так что приходится много работать.","['Привет.', 'Привет.', 'Чем занимаешься?', 'Да, так ничем не занимаюсь. Смотрю телевизор с папой.', 'А я много работаю.', 'Кем работаешь?', 'Я парикмахер, всё-таки у тебя есть домашние животные? У меня крыса.']","Ого, а я хочу построить свой дом, поэтому тоже приходится много работать.","Ого, ты парикмахер и много работаешь, а я хочу построить свой дом, поэтому тоже приходится много работать."
32,"Неполное высказывание с учетом истории диалога:
""Да-о-о! Мария, приятно познакомиться!""","['Добрый вечер!', 'Привет.', 'Как дела? Чем занимаетесь?', 'Дела отлично! Вот гуляю с собаками. А у тебя как дела? Ты чем занимаешься?', 'Я сижу со своей внучкой. Вот лепим пельмешки.', 'Ух ты, сами лепите пельмени!', 'А как тебя зовут?', 'Любишь собак?', 'Кем ты работаешь? Меня зовут Мария.']",Да-о-о!,"Да-о-о, собак люблю!"
33,"Я студент, люблю играть в футбол... А ты чем увлекаешься?","['Привет.', 'Здарова. Как дела? Чем увлекаешься?']","Я студент, люблю играть в футбол... А ты?","Я студент, люблю играть в футбол... А ты чем увлекаешься?"
34,"Конечно, но я больше люблю гулять.","['Привет.', 'Привет.', 'Как дела?', 'Я мечтаю встретить свою судьбу. А ты мечтаешь встретить свою судьбу? Я холостяк.', 'А я свою судьбу уже встретила.', 'Смотрю свой любимый фильм ""Пираты Кабирского моря"". А ты что делаешь? Мне 36 лет, а тебе сколько лет?', 'Я на работе. Раскладываю книги, мне 23 года.', 'Люблю рыбалку, у тебя есть книги про рыбалку?']","А я люблю гулять, конечно.","А я люблю гулять, конечно у меня есть книги про рыбалку."
35,"К сожалению, я с детства не умею рисовать, как меня только не пытались к этому искусству приучить. Но у меня есть много других интересов, например, я пишу стихи, когда нахлынет грусть. Ещё я очень рано просыпаюсь, слишком рано. Знакомые называют меня жаворонком в юбке.  

*(Минимально отредактировано для естественности: убрано лишнее ""очень"", добавлена пауза для лучшего восприятия.)*","['Привет, ты откуда?', 'Привет! Как хорошо, что я тебя нашла. Я из Москвы белокаменной. А ты откуда?', 'Я тоже из Москвы. Ты любишь спорт?', 'Давай знакомится, меня Настя зовут! А тебя как зовут? Да, обожаю спорт! Спорт - это моя жизнь. А ты спортсмен?', 'А меня зовут Марат, я увлекаюсь горными лыжами и гонками на внедорожниках.', 'Ух, как здорово, ты увлекаешься гонками! Гонки - это моё второе увлечение. А так я профессионально занимаюсь волейболом.', 'Это здорово, ты профессионально занимаешься волейболом, а с кем ты живешь?', 'К сожалению, живу пока одна... А у тебя есть кто-нибудь?', 'У меня есть только родители, да и мои родители живут в деревушке. Так что я тоже пока одинок.', 'А чем ты занимаешься по жизни? Расскажи о себе. Если, конечно, это не тайна федерального значения.', 'Я бородатый инструктор по горным лыжам. Очень хочу научиться рисовать, может, поможешь мне научиться рисовать?']","К сожалению, я с детства не умею рисовать, как меня только не пытались к этому искусству приучить. Но у меня есть много других интересов, например, я пишу стихи, когда нахлынет грусть. Ещё я очень рано просыпаюсь, очень рано. Знакомые называют меня жаворонком в юбке.","К сожалению, я с детства не умею рисовать, как меня только не пытались к искусству рисования приучить. Но у меня есть много других интересов, например, я пишу стихи, когда нахлынет грусть. Ещё я очень рано просыпаюсь, очень рано. Знакомые называют меня жаворонком в юбке."
36,"Круто. Я не против прокатиться, если мама отпустит.","['Привет. Работаешь?', 'Таки да, работаю. Я начальник фирмы. А ты работаешь? Э-э-э-э-эщ!', 'А я сижу дома, иногда делаю сувениры и продаю сувенниры. Есть увлечения у тебя?', 'Да, шыряюсь хмурым, люблю угореть под Петросяна. А у тебя есть увлечения? Я женат, есть сын.', 'Круто, ты женат, а я люблю с семьёй ходить на каток, покататься. А ещё я научилась хорошо водить машину, хочешь прокачу?']","Круто. Я не против, если мама отпустит.","Круто, ты научилась водить машину. Я не против прокатиться с тобой на машине, если мама отпустит."
37,"Я хочу учить людей танцам, буду снимать видеоуроки и выкладывать их в сеть.","['Привет.', 'Привет, как дела? Чем занимаешься?', 'Нормально дела. У тебя как? Я молодая мама.', 'Дела нормально.', 'Мой отец банкир.', 'Сколько деток у тебя? У меня трое детей.', 'Потому что мой отец банкир, я не работаю пока что. У меня одна девочка.', 'Как прекрасно, ты не работаешь! А я, наоборот, увлекаюсь танцами, очень люблю танцевать.', 'Люблю красный цвет и гвоздики. Круто, ты увлекаешься танцами. Я занималась танцами.']","Хочу учить людей этому, буду снимать видео и выкладывать в сеть.","Хочу учить людей танцевать, буду снимать видео и выкладывать видео в сеть."
38,Я тоже очень рад новому знакомству.,"['Привет. Чем занимаетесь?', 'Привет, очень рада новому знакомству.']",Я тоже.,Я тоже рада новому знакомству.
39,"Ну, это уже что-то — значит, ты молодец. Главное, что стараешься и работаешь.","['Привет! Как дела? Как настроение?', 'Привет. Как дела? Настроение норм.', 'Я студент, так что дела идут неплохо, только спать хочу, ох уж эти лекции и семинары... А какие планы на жизнь? У меня сейчас много идей, даже мечтаю открыть бизнес. Ну это лет через 5, наверно.', 'Да на лекциях сидеть скучно, лучше ездить за границу, как я.', 'Вау, ты ездишь за границу, я ещё никогда за пределы России не выезжал, интересно, наверно? Пока учу английский, может, следующим летом поеду в Европу.', 'А бизнес ты мечтаешь открыть не ресторанный случай? А то я хорошо готовлю. Летом был на море, стараюсь каждый год выезжать. Очень люблю море, в этом году посетил аж 2.', 'Нет, не ресторан мечтаю открыть. Я мечтаю открыть бассейн, знаю, что это трудно будет, но я увлекаюсь плаваньем, так что бизнес будет по душе.', 'Но, работая медбратом в больнице, много не наездишь.', 'Ого, ты на море был, я море только в кино видел, я заядлый киноман, одним словом, люблю ходить в кинотеатр. Хоть днём, хоть ночью. Ты медбрат? А откуда тогда поездки? Родители помогают?', 'Немного родители помогают с поездками, но стараюсь что-то отложить.']","Ну это уже что-то, так что ты молодец. Главное — работаешь.","Ну отложить денег это уже что-то, так что ты молодец. Главное — работаешь."
40,Тебе тоже нравится фотография? А я вот трубы чиню.,"['Привет! Как жизнь? Чем занимаешься?', 'Здорова. Жизнь бьёт ключом. Чиню. А ты кто есть и чем занят?', 'Что чинишь? Я фотограф.']",Трубы.,Чиню трубы.
41,"""Ещё не встретил свою половинку, хотя я очень хороший человек. Кстати, а у вас есть питомцы?""","['Привет.', 'Привет, как жизнь? Как работа?', 'Жизнь хороша, живу в деревне вот, директор фермы, а у тебя как дела? Ау?', 'Отлично у меня дела. Я работаю поваром. Люблю рыбачить по выходным. А ты чем занимаешься в свободное время?  ', 'Ух ты, круто рыбачить по выходным! Я люблю читать книги. В основном детьми занят, у меня сын и дочь. Я женился рано.', 'Я люблю детей, но семью я пока не завел. Мечтаю о семье, я вообще люблю мечтать. Как зовут твоих детишек?', 'Я тоже люблю мечтать. Моих детей зовут Карина и Макс. Чего семью не заводишь?']","Не встретил пока свою половинку, хотя я очень хороший человек. Ещё, а у вас есть питомцы?","Я не встретил пока свою половинку, хотя я очень хороший человек. Ещё, а у вас есть питомцы?"
42,Сейчас слушаю рэп про любимую работу. А ты чем-нибудь увлекаешься?,"['Привет. Как дела? Чем занимаешься?', 'Привет, рад пообщаться. Дела отлично, скоро буду записывать трек. А у тебя как дела?', 'У меня дела Хорошо. Что за трек слушаешь?']",Рэп про любимую работу. Ты чем-нибудь увлекаешься?,Слушаю Рэп про любимую работу. Ты чем-нибудь увлекаешься?
43,Я тоже люблю кошек.,"['Добрый вечер! Рад новым знакомствам.', 'Здравствуй!', 'Чем занимаешься в жизни?', 'Я тоже рад новым знакомствам. Я волонтёр. Люблю делать добро. А ты чем занимаешься в жизни?', 'Я занимаюсь спортом, люблю следить за своим телом и здоровьем, получаю много от этого удовольствия. Спорт - это жизнь. Ещё очень люблю готовить. Хотелось бы, если ещё было, кому хочу - муж. Муж. Чтобы приходить домой, готовить вкусный ужин и радовать любимого человека.', 'Тоже люблю спорт. А именно активный отдых. Только вчера с горнолыжного курорта приехал.', 'Круто горнолыжный курорт, и уа, как понравилось? Тоже люблю активный отдых. Но я живу в своём доме, а за ним нужен постоянный уход. Не было на кого оставить.', 'Очень хочу ещё, а я жениться не спешу, пока наслаждаюсь свободой, тем более я не одинок, у меня две кошки.', 'Плюс нужно было кому-то кормить кота. Люблю кошек, кошек.']",Я тоже.,Я тоже люблю кошек.
44,"Афигеть, вот это тебе не повезло. Может, чем-то помочь?","['Здорова.', 'Привет, бро!', 'Как делища?', 'Всё супер! У тебя как дела? Как твоя семья?', 'Везёт тебе, что у тебя все супер, а я еду в маршрутке. Любимая ласточка у меня сломалась, и в маршрутке играет тупая музыка, нет среди музыки в маршрутке любимого КИШа.']","Афигеть, вот это ты попал. Может помочь чем?","Афигеть, твоя ласточка сломалась, вот это ты попал. Может тебе помочь чем?"
45,"Тебе нравится учёба? Я вот люблю читать, но учебники не переношу, поэтому учился плохо. Да, я писатель, а ещё немного музыкант — играю на гитаре в свободное время.","['Привет.', 'Привет, рад новому знакомству. Ты откуда?', 'Я сейчас особо нигде надолго не остаюсь и путешествую по всей России, чтобы собирать информацию для своей новой книги. А ты откуда?', 'Оу, ну я на данный момент живу в Мск, в общежитии, учусь. Редко бываю у родителей. Так ты писатель?']","Нравится учёба? Я вот люблю читать, но учебники не переношу, поэтому учился плохо. Да, писатель, а ещё немного музыкант. Играю на гитаре в свободное время.","Нравится тебе учёба? Я вот люблю читать, но учебники не переношу, поэтому учился плохо. Да, я писатель, а ещё немного музыкант. Играю на гитаре в свободное время."
46,"У меня есть кошка, а у тебя домашние животные есть?","['Привет! Как тебя зовут? Меня Аня.', 'А я человек.', 'Оригинально! Вообще чем занимаешься, человек, работаешь?', 'Мне нравится астрономия, а ты чем занимаешься?', 'А я по профессии стоматолог. А в свободное время люблю смотреть фильмы о любви.  ']","Есть кошка, а у тебя?","У меня есть кошка, а у тебя кошка есть?"
47,"Я тоже отдыхаю с книгой – она меня не напрягает, особенно люблю читать на природе, это и полезно, и приятно. Живую музыку обожаю, сам, кстати, неплохо пою.","['Привет! Давай знакомиться? Ты из России?', 'Привет. Давай знакомиться. Нет, я не из России, из Украины.', 'О, как интересно, ты из Украины! Сам из России, но я бы очень хотел жить за границей. Расскажи, как у вас обстоят дела с трудоустройством для приезжих?', 'Я бы тоже не против пожить за границей. В целом у нас хорошо, особых проблем с трудосустройством для приезжих нет, мы гостеприимная страна.', 'Здесь я работал учителем карате для детей, они называли меня каратистом. По здоровью пришлось уйти. Стал безработным. Слышал, у вас популярно фермерское хозяйство? А ты где-нибудь работаешь?', 'Ооо, интересно как, ты работал учителем карате. Очень жаль, что ты стал безработным. Да, фермерское хозяйство у нас даже очень популярно, за натуральные домашние продукты люди готовы платить хорошие деньги. Нет, я нигде не работаю. Недавно закончил школу, планирую переезжать в Молдавию, уж очень я люблю эту страну.', 'Поздравляю с окончанием школы, важный этап жизни пройден! За что ты любишь страну Молдавию? У себя в деревне я развожу кроликов, может, этот опыт пригодится. А чем ты увлекаешься в свободное время?', 'Точно, важный этап жизни пройден, спасибо за поздравление. Мои родители и предки родом из Молдавии. Часто ездил в Молдавию в детстве, люблю их обычаи, традиции. Да и просто Молдавия мне близка. Это хорошее хобби - разводить кроликов. Я думаю, что я гений, потому что в свободное время я занимаюсь самосовершенством.', 'Вернуться к корням всегда правильно. Очень полезно времяпрепровождение - самосовершенствование, а как же отдых душой и телом? Я, например, очень люблю играть в теннис на выходных, слушать живые выступления музыкантов. А что нравится тебе?']","Согласен. Я отдыхаю вместе с книгой, она меня не напрягает, особенно люблю читать на природе, и полезно, и приятно. Я тоже люблю живую музыку, сам, кстати, тоже неплохо пою.","Согласен, вернуться к корням это правильно. Я отдыхаю вместе с книгой, она меня не напрягает, особенно люблю читать на природе, и полезно, и приятно. Я тоже люблю живую музыку, сам, кстати, тоже неплохо пою."
48,"Теперь полное высказывание:  

**""Меня зовут Нурия.""**  

*(Добавлено недостающее сказуемое и завершена структура предложения.)*","['Добрый вечер! Чем занимаешься?', 'Привет, я домохозяйка. У меня есть дочка. Ей 6 лет. Живу в деревне. Моё хобби - вязание и чтение книг. Расскажи, чем занимаешься.', 'А я делаю торты на заказ. Люблю сладенькое, но чтобы оставаться красавицей себе не позволяю. О, а я очень люблю вышивать крестиком. Подружимся.', 'Вот бы мне такую силу воли.', 'У тебя есть домашние животные? Или твоей дочке нельзя?', 'А как тебя зовут? Кстати, я люблю тортики.', 'Меня зовут Вася, Василиса. Тортиками я тебя угощу)']",Меня Нурия.,Меня зовут Нурия.
49,"Мне 35 лет, мечтаю найти свою вторую половинку.","['Привет. Кем работаете? Что любите?', 'Привет, как дела? Я бухгалтер, люблю разводить цветы и путешествие. А вы что любите?', 'Я дальнобойщик. Люблю путешествовать. Имею собаку. А у вас есть питомец?', 'Сколько вам лет, о чём мечтаете? У меня кот.']",Мне 35. Хочу найти свою вторую половинку.,Мне 35 лет. Хочу найти свою вторую половинку.
50,"У меня есть лабрадор, а у тебя есть животные?","['Привет!', 'Привет.', 'Расскажи о себе.', 'Только если ты потом расскажешь о себе...', 'Я работаю в больнице после окончания университета.', 'Я люблю грузинскую кухню. Я учитель.', 'Я тоже люблю Грузию, но из-за моря.', 'Люблю дождь и катаюсь на роликах.', 'Учитель очень хорошая профессия, чем в свободное время занимаешься? А всё, понял, ты катаешься на роликах.', 'У тебя есть животные?', 'У природы нет плохой погоды, но вот весной в период цветения мучаюсь от аллергии. Животных у меня нет, а у тебя есть животных?']",Есть лабрадор.,У меня есть лабрадор.
51,"Нет, спасибо, я уже дед, мне причёска ни к чему.","['Привет.', 'Добрый день!', 'Причёску не нужно сделать? Я могу.']","Нет, спасибо, я дед, мне уже ни к чему.","Нет, спасибо, я дед, мне уже ни к чему делать прически."
52,"Привет, я шью одежду. А ты что делаешь?","['Привет, что делаешь?']","Привет,шью одежду. А ты?","Привет, шью одежду. А ты что делаешь?"
53,"Хорошо, что у тебя есть автомобиль. Кстати, а ты умеешь готовить? Я вот выпечку делаю – очень вкусно получается!","['Привет!', 'Привет.', 'Расскажи о себе.', 'Я работаю продавцом, у меня есть хомяк.', 'Ого, здорово, у тебя есть хомяк!', 'Сейчас болею.', 'А я работаю врачом. Чем тебе помочь?', 'Теперь ты расскажи о себе. Спасибо за заботу!', 'Какой твой любимый спорт? Я люблю бокс и выпить пивка под него.', 'Мой любимый спорт - это футбол. У тебя есть жена или муж?', 'Нет, у меня нет жены или мужа.', 'Я вот хочу жениться.']",Зато у меня есть автомобиль. Ты умеешь готовить? Я готовлю выпечку... Очень вкусно!,Зато у меня есть автомобиль. Ты умеешь готовить? Я готовлю выпечку… Выпечка это очень вкусно!
54,"Я включаю классику, когда занимаюсь йогой.","['Привет, я фрилансер.', 'Привет, я йог.', 'Мечтаю побывать в Европе. И у меня есть кот. А что ты любишь? Кем работаешь?', 'У меня есть кошка.', 'Я не женат.', 'Люблю играть на пианино. Я тоже люблю играть на пианино.', 'Чем в свободное время любишь заниматься?', 'В доту катаю.', 'Чётко, в доту играешь. А я играю в Ентропию, юниверс.', 'Класс, играешь в Ентропию. Какую музыку любишь слушать?', 'Слушаю рэги, рэпчик, лаунж, драм. А ты что слушаешь?', 'А по классике угораю.', 'Жирно, я очень уважаю классику!']","Включаю её, когда занимаюсь йогой.","Включаю классику, когда занимаюсь йогой."
55,"У меня три кошки персидской породы. Очень приятно познакомиться, Артем! Кем ты работаешь?","['Привет.', 'Привет.', 'У тебя есть животные? У меня есть кот.', 'Я Катя, как тебя зовут?', 'Меня зовут Артем.']","Да, у меня три кошки персидской породы. Очень приятно! Кем работаешь, Артем?","Да, у меня есть животные, три кошки персидской породы. Очень приятно познакомиться! Кем работаешь, Артем?"
56,"Здравствуйте! Я вырезаю фигурки из банок от ""Пепси"", а что делаете вы?","['Привет, что делаешь?']","Здравствуйте, я вырезаю фигурки из под банок Пепси, а вы?","Здравствуйте, я вырезаю фигурки из под банок Пепси, а вы что делаете?"
57,"У меня тоже двое детей, как и у тебя.","['Привет.', 'Привет. Как дела?', 'Дела отлично! Погода - прелесть, на душе радость, а ты как?', 'Я хорошо. Я немного уставший, только я пришёл с тренировки.', 'О! Я тоже люблю тренировки. Йогой увлекаюсь. Часто путешествую, и меня втянули в йогу на воде. Слышал про йогу на воде? А жена у тебя увлекается спортом?', 'Жена - нет, не увлекается спортом, но дети увлекаются спортом. Сын занимается футболом, а дочь на коньках катается. А твоя семья чем любит заниматься?']","У тебя их двое, как и у меня.","У тебя двое детей, как и у меня."
58,Расскажи конкретнее про нейрохакинг и программирование людей.,"['Привет.', 'Привет, я молодой программист. А ты кто?', 'О. Круто, ты программист. Можно сказать, я тоже программист, но программирую людей. Скажем так, нейрохакинг.']",Конкретней.,Конкретней кто ты?
59,"Круто, что у вас такие интересные занятия, а работа в медицине — это здорово!","['Здравствуйте.', 'Привет, не хочешь ко мне на кофе сходить? У меня мама варит кофе. Ты знаешь, кто такой баха? Честно сказать, не люблю его.', 'Конечно, я не против сходить к тебе на кофе, как раз кофе это мой любимый напиток.', 'У меня есть хобби: я люблю выращивать кукурузу и ещё вязать люблю. И моя короночка - я владею суахили.', 'Выращивать кукурузу и вязать это отличное хобби, а я работаю медбратом, а моя жена работает медсестрой.']",Круто.,"Круто, ты работаешь медбратом, а твоя жена медсестрой."
60,Но у меня только дочка. И мечты.,"['Привет.', 'Привет. Как поживаешь?', 'Я не очень люблю общаться.', 'Это не очень почему так не любишь общаться?', 'Я много работаю, чтобы побольше заработать.', 'А я люблю общаться много читаю.', 'У меня свой бизнес и ещё невеста дура.', 'Оооо, это печально, что невеста дура. Надо что-то менять.', 'Но я её это самое люблю.']",А у меня только дочка. И мечты.,А у меня только дочка есть. И мечты.
61,"А, понятно. Нет, я баскетбол не очень люблю.","['Привет.', 'Привет! Как дела?', 'Дела хорошо.', 'Чем занимаешься?', 'Я отвела детей в сад и школу, буду готовить обед. У тебя есть дети?', 'Нет, у меня нет детей, я ещё в школу хожу. Вот пришёл недавно из школы, скоро пойду играть в баскетбол с друзьями. А ты любишь баскетбол?']",А понятно. Да как-то не очень.,"А понятно, ты в школу ходишь. Да как-то не очень люблю баскетбол."
62,"Нет, я не замужем. Может, это знак? Ха-ха, шучу.","['Привет.', 'Привет, расскажи о себе.', 'Как тебя зовут?', 'Меня зовут Настя, что означает воскресшая. Ха-ха-ха-ха-хах. Вот же я шутница, просто улет А тебя как зовут?', 'Я полицейский. Люблю путешествовать и играть в видеоигры. Меня зовут Олег. Расскажи про себя.', 'Вау, у меня ещё не было друзей полицейских. Лишь продавцы и менеджеры. Каждые выходные провожу с ними время. Я работаю ветеринаром. Ты женат, Олег?', 'Нет, я не женат. А ты замужем?']","И я нет. Может, это знак? Ха-ха, шучу.","И я не замужем. Может, это знак? Ха-ха, шучу."
63,"У меня много увлечений, но больше всего я люблю бегать. А чем увлекаешься ты?","['Привет!', 'Привет.', 'Чем занимаешься? Вот у меня много увлечений.', 'Кем ты работаешь? Чем увлекаешься? Я медсестра и люблю шить.', 'Я студент.', 'Где учишься?', 'Учусь в МГУ.', 'Чем увлекаешься?']","У меня много увлечений, также люблю бегать. А ты?","У меня много увлечений, также люблю бегать. А ты чем увлекаешься?"
64,Обожаю детей! С этим и связана моя работа – я воспитатель.,"['Здравствуйте.', 'Добрый день! Как ваши дела?', 'Всё хорошо, как ваши дела?', 'Дела отлично. Собираюсь на любимую работу. Вы чем заняты?', 'А я пенсионерка. Сейчас буду готовиться для внуков боб. У меня внуков двое. А вы чем занимаетесь? Какое у вас хобби?']",Обожаю детей! С этим и связана моя работа.,Обожаю детей! С детьми и связана моя работа.
65,"У меня всё хорошо, в большой семье тоже всё в порядке. А у тебя как дела? Я увлекаюсь автомобилями, а ты чем интересуешься?","['Привет.', 'Привет.', 'Как дела? Чем ты увлекаешься?']",Хорошо. В моей большой семье всё хорошо. Как у тебя? Моё хобби — автомобили. А твоё?,Дела хорошо. В моей большой семье всё хорошо. Как у тебя дела? Моё хобби — автомобили. А твоё хобби?
66,"Добрый день! У меня всё хорошо, спасибо. А вы чем увлекаетесь?",['Привет. Как дела?'],"Добрый день! Хорошо, чем увлекаетесь?","Добрый день! Дела хорошо, чем увлекаетесь?"
67,Когда-нибудь у меня обязательно будет собака!,"['Привет, как дела?', 'Привет, всё ок! Ты как?', 'Я отлично, учителем работаю.', 'Как зовут-то тебя?', 'А ты кем работаешь? Меня зовут Ксюша.', 'Пока я студент, меня зовут Андрей. Есть дети?', 'А я вот замужем уже как три года, но детей у меня пока нет. Живём с мужем в 2-х комнатной квартире.', 'Ясно, ты замужем.', 'Чем увлекаешься?', 'А у меня два кота. Люблю помогать окружающим. Оч. хочу собаку, но пока без вариантов завести собаку.', 'Жалко, что ты не можешь завести собаку.', 'Ну бывает, что нельзя завести собаку.', 'Ну надеюсь, когда-то ты купишь себе собаку, которую хочешь.']",Когда-нибудь будет всё. Обязательно!,Когда-нибудь будет всё. Обязательно куплю себе собаку!
68,"О, студент, помню эти времена, а я женат уже, строю дома. Летом в нашем частном доме расслабляюсь в бассейне, а хотел бы как ты — свободно ходить по барам. Ну так, у нас весело по выходным. А ты чем занят на выходных?","['Привет!', 'Приветствую! Это я не тебя в баре видел на той неделе.', 'Как дела? Чем занимаетесь?', 'Хей, приятель.', 'Неее, точно не меня видел! Мне по барам сейчас ходить некогда - учёба. А вот летом... Сейчас только в кино иногда успеваю выбраться. А ты любитель посидеть в баре?']","О, студент, помню эти времена, а я женат уже, строю дома. А летом в нашем частном доме расслабляюсь в бассейне, а хотел бы как ты. Ну так, там весело по выходным. А ты на выходных?","О, ты студент, помню студенческие времена, а я женат уже, строю дома. А летом в нашем частном доме расслабляюсь в бассейне, а хотел бы как ты опять пойти учиться. Ну так, сижу иногда в баре, там весело по выходным. А ты на выходных что делаешь?"
69,"Нет, я с Украины. Когда-нибудь объеду весь мир на машине, но только там, где есть дороги. А ты любишь скорость?","['Привет.', 'Привет! Как поживаешь?', 'Отлично поживаю. Чем занимаешься?', 'Собираюсь на тренировку, уже немного опаздываю на тренировку. А ты чем занимаешься?', 'А я в бассейн собираюсь. Лето не скоро, а плавать обожаю. А ты любишь плавать?', 'Я тоже люблю плавать! Я спортсмен, занимаюсь прыжками в воду. Самое смешное - я никогда не был на море, а ты была на море?', 'Я была на море))). И не раз была на море, сейчас хвастаюсь)). А ты откуда?', 'Здорово, что ты была на море, тоже мечтаю поехать на море) Я из СПб, живу в Петергофе - это где много парков и фонтаны, не бывала в Петергофе?']","Нет, я с Украины. Когда-то объеду весь мир на машине, но там, где есть дороги. Любишь скорость?","Нет, я не была в Петергофе, я с Украины. Когда-то объеду весь мир на машине, но там в мире, где есть дороги. Любишь скорость?"
70,"У меня пока нет детей, а у тебя есть?","['Привет. Расскажи о себе.', 'Привет. Я очень люблю искусство, я художник. У тебя есть любимая картина?', 'Нет, я не интересуюсь художественным искусством. Я люблю рыбалку и хорошо шью.', 'Рыбалка - это здорово. Я, конечно, не рыболов, но природу люблю. У тебя есть дети?']","У меня нет детей, а у тебя?","У меня нет детей, а у тебя есть дети?"
71,"Хочу научиться шить — может, ты мне подскажешь? Отлично тебя понимаю: хоть у меня и не кот, а младший брат, он мне тоже постоянно мешает. У тебя так здорово получается! А помимо шитья, чем увлекаешься? Я, например, обожаю кататься на коньках.","['Привет. Чем занимаешься?', 'Привет! Гуляю по мостовой, на улице замечательная погода. Люблю дождь! А ты можешь рассказать о себе?', 'А я люблю шить очень. Люблю шить для себя и для друзей. Да и на заказ тоже шить люблю. Но мой черный кот постоянно мне мешает шить, мой кот проказник. Хоть мой кот и черный, но я очень люблю своего кота, ведь я не суеверный человек.']","Ух ты, здорово, а я шить не особо умею, хотя хочу этому научиться... Может, ты мне в этом поможешь? Я тебя так понимаю :)) У меня есть младший брат... Это, конечно, не кот, но тоже мне постоянно мешает:)) Чем ты занимаешься, помимо занятий шитьем? Я очень хорошо катаюсь на коньках.","Ух ты, здорово, ты любишь шить, а я шить не особо умею, хотя хочу научиться шить... Может, ты мне поможешь научиться шить? Я тебя так понимаю, что тебе кот мешает :)) У меня есть младший брат... Младший брат это, конечно, не кот, но мой брат тоже мне постоянно мешает:)) Чем ты занимаешься, помимо занятий шитьем? Я очень хорошо катаюсь на коньках."
72,"Я, к сожалению, никогда не была на рыбалке, но, наверное, это интересно - ловить рыбу. У меня есть пушистый рыжий котик, я бы ему всю пойманную рыбу отдала!","['Привет, хочу узнать тебя, я бомж, да, так сложилась судьба, но живу в коттедже, очень люблю пиццу, а какая твоя любимая еда? Ау!', 'Привет! Мне 11 лет, я очень рада познакомиться, всегда рада новым знакомствам! Я тоже очень люблю пиццу! А ещё я обожаю танцевать, а у тебя есть хобби?', 'Да, у меня есть хобби, моё хобби - это рыбалка. Я рыбалку просто обожаю! Мне нравится занятие рыбалкой, рыбалка меня успокаивает. Правда, мне жалко рыбешек, поэтому я отпускаю рыбешек. А как ты относишься к рыбалке?']","К сожалению, ни разу не была, но, наверное, это интересно ловить рыбку. У меня есть котик, я бы ему всю рыбу скормила. Он пушистый, рыжего окраса. Я очень люблю котиков.","К сожалению, ни разу не была на рыбалке, но, наверное, это интересно ловить рыбку. У меня есть котик, я бы ему всю рыбу скормила. Мой котик пушистый, рыжего окраса. Я очень люблю котиков."
73,"Я очень люблю людей и свою семью! У меня двое детей, а у вас есть дети?","['Привет!', 'Привет.', 'Как дела?', 'Спасибо, дела хорошо, а как Вы?', 'Я тоже хорошо, спасибо! Чем занимаешься?', 'Помогаю окружающим, люблю животных. А Вы чем занимаетесь?', 'Круто! Я тоже помогаю окружающим, лечу людей, я врач, а у вас семья есть?', 'Здорово, вы врач! Значит, Вы не просто помогаете, а спасаете жизни.', 'Спасибо!', 'Да, у меня есть семья.']","Я очень люблю людей и свою семью! У меня двое деток, а у Вас?","Я очень люблю людей и свою семью! У меня двое деток, а у Вас есть дети?"
74,"Я не женат ещё, но обязательно женюсь, потому что люблю покушать, а сам готовлю плохо. А ты замужем?","['Приветик!', 'Привет! Не отвлекаю? Как вечер проводишь?', 'Я Марина, я сейчас на работе, я её очень люблю и задерживаюсь допоздна.', 'А я смотрю ужастики, обожаю их! А кем работаешь?', 'Я модельер, а ты кем работаешь?', 'О, модельер это интересная и творческая работа! Я тоже работать люблю, но пока лишь подрабатываю промоутером, так как ещё учусь). А чем ты увлекаешься? Хотя твоя работа и есть, наверное, увлечение.', 'У меня две сестрёнки, очень люблю деток, тоже хочу двоих, ты женат?']","Я живу в большом городе, и у нас много ателье, где есть пошив одежды, модельеры очень неплохо получают. Нет ещё. Но обязательно женюсь, так как люблю покушать, а сам готовлю плохо. А ты замужем?","Я живу в большом городе, и у нас много ателье, где есть пошив одежды, модельеры очень неплохо получают. Нет, я ещё не женат. Но обязательно женюсь, так как люблю покушать, а сам готовлю плохо. А ты замужем?"
75,"Я пока не работаю, занимаюсь только тем, чем хочу.","['Привет.', 'Привет.', 'Расскажи о себе.', 'Я учусь в школе, мне 17 лет. А ты работаешь?']","Нет, я занимаюсь только тем, чем хочу.","Нет, не работаю, я занимаюсь только тем, чем хочу."
76,"Я из России, но мечтаю жить за границей – например, на берегу Карибского моря. А ты откуда?","['Привет!', 'Привет. Ты откуда?']","Ох, я из России, но на самом деле мечтаю жить за границей. Например, на берегу Карибского моря. А ты?","Ох, я из России, но на самом деле мечтаю жить за границей. Например, на берегу Карибского моря. А ты где живешь?"
77,"Я тогда выберу рисовальный архив, потому что обожаю рисовать.","['Привет, меня зовут Кристина, мне 12 лет.', 'Привет! Меня зовут Виталик, и я архивный юноша.', 'А что значит архивный юноша?', 'Хочу всё заархивировать, какую музыку предпочитаешь?']","А я тогда рисовальный, потому что люблю рисовать.","А я тогда рисовальный юноша, потому что люблю рисовать."
78,"Круто, что ты фрилансер! Кстати, я очень хорошо плаваю, а у тебя есть хобби?","['Добрый день!', 'Привет.', 'Чем вы увлекаетесь?', 'Обожаю клубы и клубную музыку. Жаль времени на клубы нет, у меня трое детей. А у вас есть дети?', 'У меня есть рыжий кот! Я домохозяйка, люблю печь. Также увлекаюсь косметологией. Кем работаете?', 'А я фрилансер.']","Класс, ещё я очень хорошо плаваю, а у вас хобби есть?","Класс, вы фрилансер, ещё я очень хорошо плаваю, а у вас хобби есть?"
79,"Привет, у меня всё отлично, гуляю с подругами. А как у тебя дела?","['Привет, как дела?']","Привет, отлично, гуляю с подругами. А у тебя?","Привет, отлично, гуляю с подругами. А у тебя как дела?"
80,"Это как: ну, ловишь если настроение хорошее :))))","['Привет.', 'Привет! Как тебя зовут?', 'Напиши что-нибудь, люблю читать. Меня зовут Маша, а тебя как зовут?', 'Я Анатолий.', 'Чем занимаешь?', 'Глажу кошку. Это если в данный момент...', 'Я тоже глажу кошку, только к нам ещё и кот лезет.', 'Чем ты любишь заниматься? Есть ли у тебя хобби?', 'Стихи сочиняют, правда, стихи не очень. А ты чем любишь заниматься?', 'Я рыбалку люблю!', 'Много наловил рыбы на рыбалке?', 'Правда, не люблю рыбу готовить. Да, по настроению ловлю рыбу можно сказать.']",Это как :)))))))),Это как - ловить рыбу по настроению? :))))))))
81,"У меня всё хорошо, а у тебя как дела?",['Привет! Как дела?'],"Хорошо, а в тебя?","Хорошо у меня дела, а в тебя как дела?"
82,Мои хобби - это шитьё и уход за животными. А у тебя есть питомцы?,"['Привет.', 'Привет.', 'А я замуж вышла.', 'А я женат. Какие у тебя хобби?']","Животные есть? Я умею шить, моё хобби.","Животные у тебя есть? Я умею шить, моё хобби."
83,"Меня зовут Александр, можно просто Саша. А тебя как зовут?","['Привет!', 'Привет. Тебя как зовут?']","Александр, можно просто Саша. А тебя?","Меня зовут Александр, можно просто Саша. А тебя как зовут?"
84,"Собираюсь сегодня фильмы смотреть, а ты чем планируешь заняться?  

*(Переписываю только неполное высказывание, сохраняя его суть и естественность в рамках истории диалога.)*","['О привет. Рад познакомиться. Ты откуда?', 'Привет, взаимно. Я из Питера, а ты откуда? Есть чё по блинчикам?) Обожаю блинчики.', 'Я из Краснодара =) Да вот только что испек блины, едим блины с хорьком вдвоем =) Куда доставить тебе блины? У тебя есть домашние животные?', 'Я б сказал, куда доставить блины, да боюсь, хейтеры узнают адрес, я блогер)) У меня есть змея, но я змею ужасно боюсь, мне девушка подарила змею, а сказать девушке о том, что я боюсь змею, стыдно. Чем планируешь заняться?']","Ого, как интересно =) популярный блог? Это твоя основная деятельность? А по блинчикам я мастер, умею вкусно готовить =) Ого, змея - это экзотика. Сегодня фильмы смотреть. А ты?","Ого, как интересно, ты блогер =) У тебя популярный блог? Блог это твоя основная деятельность? А по блинчикам я мастер, умею вкусно готовить =) Ого, у тебя есть змея, змея - это экзотика. Я планирую сегодня фильмы смотреть. А ты чем планируешь заняться?"
85,"О, поздравляю вас с предстоящей свадьбой! Я работаю учителем и безумно люблю детей.","['Хай!', 'Здравствуйте.', 'Как тебя зовут? Сколько лет?', 'Меня зовут Мария, мне 35 лет. А вас как зовут? Сколько вам лет?', 'Меня зовут Регина, мне 26 лет. Давайте познакомимся? У вас есть муж, дети?', 'Давайте познакомимся!', 'Да, у меня есть муж и прекрасная дочка. А у вас?', 'Расскажу немного о себе. Я актриса, но работаю в небольшом театре. А кто вы по профессии? У меня есть парень. Я его безумно люблю, и скоро у нас свадьба.']","О, поздравляю вас. Я учитель, безумно люблю детей.","О, поздравляю вас с предстоящей свадьбой. Я учитель, безумно люблю детей."
86,Дима: Тебе нравится дизайн?,"['Привет.', 'Привет. Что делаешь?', 'Играю в комп. Ты что делаешь?', 'Готовлю. Люблю готовить сама, поострее что-нибудь.', 'А я студент, поэтому у меня времени готовить особо нет. Что расскажешь?', 'Люблю животных. А ты любишь животных?', 'Нейтрально к животным отношусь.', 'На кого учишься?', 'Учусь на инженера. Но в будущем хочу объездить весь мир.', 'А я дизайном увлекаюсь.']",Нравится?,Нравится тебе дизайн?
87,"Я из Харькова, стараюсь находить хоть немного времени, чтобы уделять внимание любимому делу. Рад знакомству!","['Привет.', 'Привет, чем занимаешься?', 'Дурачимся с другом, я проверяю на прочность свою голову, ты чем занимаешься?', 'О, я только зашёл с прогулки домой, я выгуливал собаку. И с сыном мы в магазин сходили. Собак любишь? Я очень люблю собак. Кем работаешь?', 'Люблю собак, но с собаками возни много, поэтому я предпочитаю более простых животных в плане ухода. Сейчас, например, у меня енот. Я в группе выступаю, а ты кем работаешь?', 'Прикольно поклонницы у тебя наверное, и всё такое! Я программистом работаю в большой компании, программирование сейчас доходное занятие.', 'Ну у меня не без поклонниц конечно, много девчонок любят панк-рок гитаристов. А какие увлечения у тебя?', 'Увлекаюсь дайвингом и читать люблю, особенно Рэя Брэдберри люблю читать, а ты любишь читать? А из какого ты города?', 'Люблю читать, но времени не хватает на чтение, готовимся на Нашествие ехать. Я из Казани, а ты из какого города?']","Я из Харькова, я нахожу хоть немного времени, чтобы любимым делом позаниматься. Рад знакомству.","Я из Харькова, я нахожу хоть немного времени, чтобы любимым делом позаниматься. Рад знакомству с тобой."
88,Давайте познакомимся поближе!,"['Хай!', 'Здравствуйте.', 'Как тебя зовут? Сколько лет?', 'Меня зовут Мария, мне 35 лет. А вас как зовут? Сколько вам лет?', 'Меня зовут Регина, мне 26 лет. Давайте познакомимся? У вас есть муж, дети?']",Давайте!,Давайте познакомимся!
89,"Я живу в пригороде Ярославля, у меня там дом и небольшая ферма. А у тебя есть семья?","['Привет.', 'Привет, я студент в Юридическом колледже. А чем вы занимаетесь?', 'Я тружусь в автосалоне. Где живёшь?', 'Здорово, ты трудишься в автосалоне, хоть я и не понимаю ничего в авто. Хочу учиться и работать по профессии юриста. Я сейчас живу в Москве. А вы где живете?']",Я в пригороде Ярославля. У меня дом и ферма небольшая. Семья есть?,Я живу в пригороде Ярославля. У меня дом и ферма небольшая. Семья у тебя есть?
90,"Взаимно! Пишите, если будет скучно. Удачи вам!","['Приветствую.', 'Здравствуйте.', 'Как ваши дела?', 'Мои дела довольно хорошо. У меня хорошая и любимая работа - я бухгалтер. На работу хожу с удовольствием. Как твои дела?', 'Отличная работа! А я вовсе начальник. Противоречиво только немного выходит порой: я сам себе на уме и рад этому, так как люблю быть в одиночестве, но при этом мне также нужно вести беседы с коллегами. Но я не жалуюсь, люблю свою работу. Потому и дела отлично. Занимаетесь чем-то, помимо работы?', 'Да, конечно занимаюсь помимо работы. Очень люблю рисовать красками, карандашами, рисую пейзажи, натюрморты, зверей. Для моего хобби времени достаточно, поскольку я разведена, никто не мешает. Ещё люблю готовить, печь.', 'О, готовка! Замечательное хобби. Люблю всё, что связано с едой. Правда, приготовить что-либо я не в силах, поэтому просто люблю вкусно покушать. Особенно рыбу после рыбалки! Интереситесь спортом?', 'Да, спортом интересуюсь. И немного занимаюсь: бегаю по утрам и вечерам. Дело в том, что у меня три кошки, выгуливаю их вечером и утром, при этом и тренируюсь. А вы интересуетесь спортом?', 'Необычный досуг выгуливать кошек. А я занимаюсь футболом, играю в команде, люблю это дело не меньше рыбалки и работы.', 'Очень хорошо. Футбол я тоже люблю, а рыбалку особенно.', 'Что ж, приятно было пообщаться. Удачи!']","Взаимно. Пишите, когда будет скучно. Удачи и вам.","Взаимно, приятно пообщаться. Пишите, когда будет скучно. Удачи и вам."
91,"Нет, я не работаю, я домохозяйка. Люблю готовить и помешана на чистоте. А ты чем увлекаешься?","['Привет.', 'Приветик!', 'Как твои дела? Чем занимаешься?', 'Сижу дома, скукота.', 'Не работаешь? Какой твоё любимое занятие?']","Неа, я домохозяйка. Я люблю готовить. Ещё помешана на чистоте. А ты чем любишь заниматься?","Неа, я не работаю, я домохозяйка. Я люблю готовить. Ещё я помешана на чистоте. А ты чем любишь заниматься?"
92,"Да-да, семья есть.","['Здравствуйте.', 'Здравствуйте.', 'Как дела?', 'Дела хорошо, как у вас?', 'У меня всё всегда отлично. У вас как дела?', 'Всё хорошо, чем увлекаетесь?', 'Увлекаюсь рыбалкой и рисую шаржи. А вы чем увлекаетесь?', 'Я люблю рисовать.', 'Есть семья у вас?']",Да-да.,"Да-да, у меня есть семья."
93,"Лыжи — это здорово, жаль, что сезон заканчивается.","['Привет!', 'Привет. Чем занимаешься?', 'Чем увлекаетесь?', 'Моя профессия - моё хобби. По театрам хожу. Театральный критик. А вы чем занимаетесь?', 'А я собираюсь идти в спортшколу, учусь в шахматы играть.', 'До сих пор не понимаю, почему шахматы - это спорт.', 'Жаль, зима кончается, на лыжах с мужем катаемся.']",Это да.,"Это да, жаль, что зима кончается."
94,"Я сейчас на работе, работаю инструктором по фитнесу. А ты работаешь? Дети – это хорошо, но у меня их пока нет.  

(Сократила повторяющиеся моменты и сделала высказывание более плавным, сохранив суть.)","['Привет!', 'Привет, как жизнь?', 'Жизнь отлично, ты как? Чем занимаешься?', 'Я тоже норм. Я еду с сыном в ветеринарку за котом.']","На работе. Инструктор по фитнесу. Работаешь? Дети - это хорошо, у меня нет.","Я на работе. Инструктор по фитнесу. Работаешь? Дети - это хорошо, у меня нет."
95,"Ты любишь сладкое? А у меня есть семья: муж работает дворником и маленький сын, я их очень люблю.","['Привет. Давай пообщаемся.', 'Привет! Рада знакомству! Давай пообщаемся. Я не против пообщаться. Как тебя зовут?', 'Чем любишь заниматься в свободное от работы время? Я обожаю бегать по утрам с собакой. Это здорово заниматься спортом! Меня зовут Андрей. А тебя как зовут?', 'У меня не очень много свободного времени, я работаю учителем и поэтому часто беру работу домой. Но когда у меня есть свободное время, я люблю танцевать. А чем ты занимаешься помимо работы? Спорт - это всегда хорошо. Но я больше предпочитаю азартные игры, мне нравится играть в карты. Меня зовут Настя. Очень приятно.', 'Ещё люблю кататься на роликах по парку. А после дома поесть фруктов и выпить сока. Очень приятно. Рад знакомству.', 'У тебя есть семья, дети?', 'Ты любишь сладкое? Семьи и детей у меня нет, только собака.']","Не очень люблю сладкое. А ты? А у меня есть семья, муж работает дворником и маленький сын, я их очень люблю.","Не очень люблю сладкое. А ты любишь сладкое? А у меня есть семья, муж работает дворником и маленький сын, я их очень люблю."
96,"Пока у меня нет домашних животных. Я хочу переехать в Москву — скоро дособеру деньги и тогда, наверное, заведу питомца. А ты чем занимаешься, кроме танцев? Расскажи о себе.","['Привет.', 'Привет.', 'Как дела?', 'Нормально дела, недавно из приюта пришла, а у тебя?', 'У меня тоже дела нормально. Ещё на почте работаю. Скоро домой. У тебя есть мечта?', 'Да, я люблю танцевать, мечтаю найти свою половинку в танце. Я собираюсь покормить своих попугаев, их зовут Кеша и Тоша, а у тебя есть домашние животные?']","Ещё нет. Я хочу в Москве жить. Скоро дособираю деньги, перееду. Тогда, наверно, и заведу. Расскажи о себе. Чем занимаешься?","Ещё нет у меня домашних животных. Я хочу в Москве жить. Скоро дособираю деньги, перееду. Тогда, наверно, и заведу. Расскажи о себе. Чем занимаешься?"
97,Ты будешь готовить свинину или говядину?,"['Привет.', 'Привет.', 'Как твоё настроение сегодня?', 'Настроение отлично, скоро куплю машину, а твоё настроение как?', 'Здорово, ты скоро купишь машину! У меня тоже настроение на позитиве! Я очень давно хочу в Бразилию, и, кажется, сегодня моя мечта сбудется! Вечером поедем с подругой в турфирму оплачивать наш тур в Бразилию. А у тебя есть мечта?', 'Давно хочу завести лабрадора, прям с детства хочу собаку. Может, когда дочка подрастет заведу себе лабрадора.', 'Моей собаке уже 5 лет, и я даже не представляю, как я могла жить без своей собаки раньше?! Я думаю, что у тебя всё получится и у вас скоро обязательно появится питомец! Ведь собаки такие милые! Что сегодня будешь готовить на ужин?', 'Сегодня на ужин будет мясо с кровью! Вот только надо в магазин... Эх, пойду прогуляюсь под дождём, это успокаивает.']","Ого! Будешь готовить свинину или говядину? Обожаю лук, поэтому у меня сегодня лёгкий ужин - луковый суп. И, конечно, никакого алкоголя. Ок, прогуляйся. А я пойду лук чистить. Ну пока.","Ого! Будешь готовить свинину или говядину? Обожаю лук, поэтому у меня сегодня лёгкий ужин - луковый суп. И, конечно, у меня не будет никакого алкоголя. Ок, прогуляйся. А я пойду лук чистить. Ну пока."
98,"Вот это да! И в отпуске ремонт, и за невесткой ухаживаешь – молодец!","['Привет.', 'Привет, ремонт дома делаю, ты чем занят? Ты тут?', 'Я на работе сейчас работаю, как говорится. Инженер, работа не трудная. ? увлекаешься? Конечно тут.', 'Супер, что тут, а я в отпуске ремонт делаю, жена моего сына ждёт, так что за ней ухаживаю! Я счастливый человек.']",Молодец.,"Молодец, что делаешь ремонт и ухаживаешь за женой."
99,"У меня есть три увлечения, но на любимые занятия всегда нужно находить время. Работа, как говорится, не волк — в лес не убежит. Кстати, Аркадий, а как зовут твою собаку?","['Здравствуйте, расскажите о себе.', 'Будь здрав! Зовут Николай, я рубаха парень. Люблю попить пивка с друзьями.', 'Я адвокат, очень люблю свою работу, но, к сожалению, не могу выспаться из-за своей работы.', 'А вообще, я заядлый охотник.', 'Вы работаете?', 'Работаю аж на трёх работах.', 'У вас, наверное, есть собака охотничья?', 'А чем увлекаешься? Обязательно, у меня есть охотничья собака! Куда ж без охотничьей собаки.', 'У меня тоже есть пёс, овчарка.', 'Как зовут вашего пса?', 'К сожалению, работа не оставляет времени на увлечения. Я Аркадий.']","У меня их три, но на любимые занятия всегда нужно находить время. Работа, как говорится, не волк, а собаку-то как зовут?","У меня работ три, но на любимые занятия всегда нужно находить время. Работа, как говорится, не волк, а собаку-то вашу как зовут?"
